{
  "n_pairs": 7953,
  "semantic_sim": {
    "mean": 0.8101564049720764,
    "median": 0.8231264352798462,
    "std": 0.08941783010959625,
    "p10": 0.7056971669197083,
    "p90": 0.9047626256942749,
    "outlier_rate_sim_lt_thr": 0.0003772161448509996,
    "threshold": 0.1
  },
  "length_ratio": {
    "mean": 2.7494798843563317,
    "median": 2.6842105263157894,
    "std": 1.1276823359295496,
    "p10": 2.0,
    "p90": 3.4226720647773283
  },
  "empties": {
    "src_empty_rate": 0.0,
    "tgt_empty_rate": 0.0
  }
}