{
  "n_pairs": 71771,
  "semantic_sim": {
    "mean": 0.5553454756736755,
    "median": 0.622480034828186,
    "std": 0.28507545590400696,
    "p10": 0.15105652809143066,
    "p90": 0.9082931876182556,
    "outlier_rate_sim_lt_thr": 0.04270527093115604,
    "threshold": 0.1
  },
  "length_ratio": {
    "mean": 3.9186717464123784,
    "median": 2.275,
    "std": 9.44894461758149,
    "p10": 0.2,
    "p90": 5.0
  },
  "empties": {
    "src_empty_rate": 0.0,
    "tgt_empty_rate": 0.0
  }
}